{
  "target": "Cold_Chain_Failure",
  "features": [
    "perishable_load_tons",
    "distance_miles",
    "temp_c",
    "temp_deviation_abs",
    "humidity_pct",
    "delay_hours"
  ],
  "scaler_mean": [
    30101.612574374998,
    1003.5650713083398,
    9.902659455720803,
    21.200079129530074,
    63.9683050382832,
    2.472514950371665
  ],
  "scaler_scale": [
    142154.63800030304,
    559.5332625434523,
    37.156239862724455,
    31.080286264579158,
    27.726924430349627,
    2.4991016646155564
  ],
  "coefficients": [
    -0.02163588000897628,
    0.040182590338553065,
    1.121018228689147,
    13.53418967130891,
    -0.030947208459201857,
    0.034204457449583996
  ],
  "intercept": 7.518929221850925
}