{
  "target": "Delay_Risk",
  "features": [
    "perishable_load_tons",
    "distance_miles",
    "temp_c",
    "temp_deviation_abs",
    "humidity_pct",
    "delay_hours"
  ],
  "scaler_mean": [
    30101.612574374998,
    1003.5650713083398,
    9.902659455720803,
    21.200079129530074,
    63.9683050382832,
    2.472514950371665
  ],
  "scaler_scale": [
    142154.63800030304,
    559.5332625434523,
    37.156239862724455,
    31.080286264579158,
    27.726924430349627,
    2.4991016646155564
  ],
  "coefficients": [
    0.08007400111297454,
    1.1474937154487137,
    0.028009762343308393,
    -0.009404973994417238,
    0.007363596612828476,
    1.474560736128129
  ],
  "intercept": 0.9239390067697378
}