{
  "target": "Spoilage_Risk",
  "features": [
    "perishable_load_tons",
    "distance_miles",
    "temp_c",
    "temp_deviation_abs",
    "humidity_pct",
    "delay_hours"
  ],
  "scaler_mean": [
    30101.612574374998,
    1003.5650713083398,
    9.902659455720803,
    21.200079129530074,
    63.9683050382832,
    2.472514950371665
  ],
  "scaler_scale": [
    142154.63800030304,
    559.5332625434523,
    37.156239862724455,
    31.080286264579158,
    27.726924430349627,
    2.4991016646155564
  ],
  "coefficients": [
    0.04242179120390569,
    0.015559743686567335,
    11.215495284184989,
    5.044333934231786,
    0.5802350952905774,
    1.0261601238071176
  ],
  "intercept": 2.5315050096828293
}